,id_video,label
47,subject_26_Vid_1,0.66
48,subject_26_Vid_2,0.66
49,subject_26_Vid_3,0.33
50,subject_26_Vid_4,0.66
51,subject_26_Vid_5,0.33
52,subject_26_Vid_5_1,0.66
53,subject_26_Vid_5_2,0.66
54,subject_26_Vid_7,0.33
55,subject_27_Vid_1,0.66
56,subject_29_Vid_6,0.66
57,subject_29_Vid_7,0.33
58,subject_30_Vid_1,0.33
59,subject_30_Vid_2,0.66
60,subject_30_Vid_3,0.66
61,subject_30_Vid_4,1.0
62,subject_30_Vid_5,0.33
63,subject_32_Vid_6,1.0
64,subject_32_Vid_1,0.66
65,subject_32_Vid_2,0.66
66,subject_32_Vid_3,0.66
67,subject_32_Vid_4,0.66
68,subject_32_Vid_5,0.66
69,subject_32_Vid_7,0.33
70,subject_33_Vid_1,0.33
71,subject_33_Vid_2,0.66
72,subject_33_Vid_3,0.66
73,subject_33_Vid_4,0.66
74,subject_33_Vid_7,0.66
75,subject_34_Vid_7,1.0
76,subject_34_Vid_1,0.66
77,subject_34_Vid_5,0.66
78,subject_35_Vid_6,0.33
79,subject_35_Vid_7,0.66
80,subject_35_Vid_7,0.66
81,subject_36_Vid_7,0.66
82,subject_37_Vid_7,0.66
83,subject_38_Vid_7,0.66
84,subject_39_Vid_6,0.66
85,subject_39_Vid_7,0.33
86,subject_40_Vid_6,0.66
87,subject_40_Vid_7,0.33
88,subject_41_Vid_6,1.0
89,subject_41_Vid_2,0.0
90,subject_41_Vid_3,0.66
91,subject_41_Vid_4,0.33
92,subject_41_Vid_5,0.33
93,subject_41_Vid_5_1,0.66
94,subject_41_Vid_5_2,0.33
95,subject_41_Vid_7,0.66
96,subject_42_Vid_7,1.0
97,subject_43_Vid_7,0.66
98,subject_44_Vid_7,0.33
99,subject_45_Vid_7,0.33
100,subject_46_Vid_6,0.66
101,subject_47_Vid_6,1.0
102,subject_48_Vid_6,1.0
103,subject_48_Vid_7,0.66
104,subject_49_Vid_7,0.66
105,subject_50_Vid_6,0.66
106,subject_50_Vid_1,0.66
107,subject_50_Vid_2,0.33
108,subject_50_Vid_3,0.33
109,subject_50_Vid_4,0.33
110,subject_50_Vid_5,0.33
111,subject_51_Vid_7,1.0
112,subject_52_Vid_7,0.0
113,subject_53_Vid_2,0.66
114,subject_53_Vid_3,0.66
115,subject_53_Vid_4,0.66
116,subject_53_Vid_5,0.66
117,subject_54_Vid_6,0.66
118,subject_55_Vid_6,0.66
119,subject_56_Vid_6,0.66
120,subject_56_Vid_1,0.66
121,subject_56_Vid_2,0.66
122,subject_56_Vid_3,1.0
123,subject_56_Vid_4,0.66
124,subject_56_Vid_5,0.66
125,subject_57_Vid_7,1.0
126,subject_58_Vid_6,1.0
127,subject_58_Vid_7,0.66
128,subject_59_Vid_7,0.66
129,subject_60_Vid_6,1.0
130,subject_60_Vid_7,0.66
131,subject_62_Vid_6,1.0
132,subject_62_Vid_1,0.66
133,subject_62_Vid_2,1.0
134,subject_62_Vid_3,0.33
135,subject_62_Vid_4,1.0
136,subject_62_Vid_5,0.66
137,subject_62_Vid_7,0.66
138,subject_63_Vid_7,0.33
139,subject_64_Vid_6,1.0
140,subject_64_Vid_7,0.33
141,subject_65_Vid_6,1.0
142,subject_66_Vid_6,1.0
143,subject_66_Vid_7,0.33
144,subject_67_Vid_6,0.66
145,subject_67_Vid_1,1.0
146,subject_67_Vid_2,0.66
147,subject_67_Vid_4,0.66
148,subject_67_Vid_5,0.66
149,subject_68_Vid_6,0.66
150,subject_68_Vid_7,0.33
151,subject_69_Vid_6,1.0
152,subject_69_Vid_7,0.66
153,subject_70_Vid_6,0.66
154,subject_70_Vid_1,0.66
155,subject_70_Vid_2,0.66
156,subject_70_Vid_3,0.66
157,subject_70_Vid_4,0.66
158,subject_70_Vid_5,0.33
159,subject_72_Vid_6,0.66
160,subject_73_Vid_6,1.0
161,subject_73_Vid_7,1.0
162,subject_74_Vid_7,0.0
163,subject_75_Vid_7,0.66
164,subject_76_Vid_6,0.66
165,subject_76_Vid_7,1.0
167,subject_77_Vid_1,0.33
168,subject_77_Vid_2,0.33
169,subject_77_Vid_3,0.66
170,subject_77_Vid_4,0.66
171,subject_77_Vid_5,0.0
172,subject_78_Vid_6,0.66
173,subject_79_Vid_7,0.66
174,subject_80_Vid_6,0.66
175,subject_80_Vid_1,0.66
176,subject_80_Vid_2,0.66
177,subject_80_Vid_3,0.66
178,subject_80_Vid_4,0.66
179,subject_80_Vid_5,0.66
180,subject_81_Vid_7,0.33
181,subject_82_Vid_7,1.0
182,subject_83_Vid_7,1.0
183,subject_84_Vid_6,0.33
184,subject_84_Vid_1,0.33
185,subject_84_Vid_2,0.33
186,subject_84_Vid_3,0.0
187,subject_84_Vid_4,0.33
188,subject_84_Vid_5,0.33
189,subject_85_Vid_7,1.0
190,subject_86_Vid_7,1.0
191,subject_77_Vid_7,0.33
192,subject_34_Vid_2,0.66
193,subject_34_Vid_3,1.0
194,subject_34_Vid_4,0.66
195,subject_70_Vid_3,0.66
